{
  "selected_best_method_from_step18": "baseline",
  "valid_summary": {
    "A_valid_pr_auc": 0.1882207081316351,
    "A_valid_roc_auc": 0.7599995260817364,
    "B_valid_pr_auc": 0.2121563410529854,
    "B_valid_roc_auc": 0.7785947106674596,
    "AB_valid_pr_auc": 0.2272471369131823,
    "AB_valid_roc_auc": 0.7896248032962206
  },
  "test_summary": {
    "A_test_pr_auc": 0.18875116593252414,
    "A_test_roc_auc": 0.762129296313246,
    "B_test_pr_auc": 0.21086320448617354,
    "B_test_roc_auc": 0.7763486279071286,
    "AB_test_pr_auc": 0.2272161830581054,
    "AB_test_roc_auc": 0.7897043876752721
  }
}