{
  "selected_best_method_from_step18": "baseline",
  "valid_summary": {
    "I_valid_pr_auc": 0.03498894027749849,
    "I_valid_roc_auc": 0.5,
    "T_valid_pr_auc": 0.062399430606013565,
    "T_valid_roc_auc": 0.6068442687799799,
    "IT_valid_pr_auc": 0.062399430606013565,
    "IT_valid_roc_auc": 0.6068442687799799
  },
  "test_summary": {
    "I_test_pr_auc": 0.0349933958749619,
    "I_test_roc_auc": 0.5,
    "T_test_pr_auc": 0.06586460114238071,
    "T_test_roc_auc": 0.6132483676263897,
    "IT_test_pr_auc": 0.06586460114238071,
    "IT_test_roc_auc": 0.6132483676263897
  }
}