split,group_type,display_name,experiment_key,component_views,variant,pr_auc,roc_auc,accuracy,precision,recall,f1
valid,standard_bagging,B,B,B,balanced,0.2121563410529854,0.7785947106674596,0.964439552531036,0.4673913043478261,0.117059891107078,0.1872278664731494
valid,multiview_ensemble,A+T+B,ATB,A+T+B,balanced,0.236370156116941,0.7922332778159616,0.9660164890408204,0.7317073170731707,0.0453720508166969,0.0854457419538593
valid,delta_multiview_minus_standard,Multiview - Standard,DELTA,A+T+B - B,balanced - balanced,0.024213815063955618,0.01363856714850209,0.0015769365097844101,0.2643160127253446,-0.0716878402903811,-0.1017821245192901
