split,group_type,display_name,experiment_key,component_views,variant,pr_auc,roc_auc,accuracy,precision,recall,f1
test,standard_bagging,B,B,B,balanced,0.2108632044861735,0.7763486279071286,0.9641768550817896,0.4491701244813278,0.1047665134285023,0.1699038650186384
test,multiview_ensemble,A+T+B,ATB,A+T+B,balanced,0.237263000983724,0.7951134081120574,0.966149625766248,0.7115987460815048,0.0549237841761432,0.1019766397124887
test,delta_multiview_minus_standard,Multiview - Standard,DELTA,A+T+B - B,balanced - balanced,0.026399796497550504,0.018764780204928888,0.001972770684458336,0.26242862160017694,-0.049842729252359094,-0.06792722530614971
