split,metric,best_experiment,experiment_key,experiment_type,component_views,metric_value,pr_auc,roc_auc,f1,recall,precision,accuracy
test,pr_auc,A+T+B+I,ATBI,multiview,A+T+B+I,0.237263000983724,0.237263000983724,0.7951134081120574,0.0,0.0,0.0,0.965006604125038
test,roc_auc,A+T+B+I,ATBI,multiview,A+T+B+I,0.7951134081120574,0.237263000983724,0.7951134081120574,0.0,0.0,0.0,0.965006604125038
test,f1,A,A,individual,A,0.0560704355885078,0.1887511659325241,0.762129296313246,0.0560704355885078,0.0292765545608516,0.6612021857923497,0.9655061469163816
test,recall,A,A,individual,A,0.0292765545608516,0.1887511659325241,0.762129296313246,0.0560704355885078,0.0292765545608516,0.6612021857923497,0.9655061469163816
test,precision,A+B+I,ABI,multiview,A+B+I,1.0,0.2272161830581054,0.7897043876752721,0.0129807692307692,0.0065327849020082,1.0,0.96523520845328
test,accuracy,B,B,individual,B,0.9657093507637078,0.2108632044861735,0.7763486279071286,0.0488492249882573,0.0251633196225502,0.832,0.9657093507637078
