split,metric,best_experiment,experiment_key,experiment_type,component_views,metric_value,pr_auc,roc_auc,f1,recall,precision,accuracy
valid,pr_auc,A+T+B+I,ATBI,multiview,A+T+B+I,0.236370156116941,0.236370156116941,0.7922332778159616,0.0,0.0,0.0,0.9650110597225016
valid,roc_auc,A+T+B+I,ATBI,multiview,A+T+B+I,0.7922332778159616,0.236370156116941,0.7922332778159616,0.0,0.0,0.0,0.9650110597225016
valid,f1,A,A,individual,A,0.0545401798665506,0.1882207081316351,0.7599995260817364,0.0545401798665506,0.02843315184513,0.6666666666666666,0.9655084826484066
valid,recall,A,A,individual,A,0.02843315184513,0.1882207081316351,0.7599995260817364,0.0545401798665506,0.02843315184513,0.6666666666666666,0.9655084826484066
valid,precision,A+B+I,ABI,multiview,A+B+I,1.0,0.2272471369131823,0.7896248032962206,0.0102317183268131,0.0051421657592256,1.0,0.965190978653148
valid,accuracy,B,B,individual,B,0.9655931503804756,0.2121563410529854,0.7785947106674596,0.0401535281960436,0.0205686630369026,0.8395061728395061,0.9655931503804756
