feature,missing_pct,dtype
id_24,99.19615944728554,float64
id_25,99.13096487960172,float64
id_07,99.12707013919464,float64
id_08,99.12707013919464,float64
id_21,99.12639279303687,float64
id_26,99.12571544687913,float64
id_27,99.1246994276425,str
id_23,99.1246994276425,str
id_22,99.1246994276425,float64
dist2,93.62837403054831,float64
D7,93.40992989467267,float64
id_18,92.36072069631184,float64
D13,89.50926270870728,float64
D14,89.46946862193924,float64
D12,89.04104717715988,float64
