method,label,count_class_0,count_class_1,total_rows,minority_over_majority,fraud_rate
before_balancing,original_train,364721,13224,377945,0.036257851892268336,0.0349892180079112
baseline,resampled_train,364721,13224,377945,0.036257851892268336,0.0349892180079112
