{
  "selected_best_method_from_step18": "baseline",
  "valid_summary": {
    "T_valid_pr_auc": 0.062399430606013565,
    "T_valid_roc_auc": 0.6068442687799799,
    "B_valid_pr_auc": 0.2121563410529854,
    "B_valid_roc_auc": 0.7785947106674596,
    "I_valid_pr_auc": 0.03498894027749849,
    "I_valid_roc_auc": 0.5,
    "TBI_valid_pr_auc": 0.22368459852522618,
    "TBI_valid_roc_auc": 0.7771884761522809
  },
  "test_summary": {
    "T_test_pr_auc": 0.06586460114238071,
    "T_test_roc_auc": 0.6132483676263897,
    "B_test_pr_auc": 0.21086320448617354,
    "B_test_roc_auc": 0.7763486279071286,
    "I_test_pr_auc": 0.0349933958749619,
    "I_test_roc_auc": 0.5,
    "TBI_test_pr_auc": 0.224412748647858,
    "TBI_test_roc_auc": 0.7791499763803309
  }
}