{
  "selected_best_method_from_step18": "baseline",
  "view_name": "TBI",
  "component_views": "T+B+I",
  "valid_metrics": {
    "pr_auc": 0.22368459852522618,
    "roc_auc": 0.7771884761522809,
    "accuracy": 0.9654449818493549,
    "precision": 0.9555555555555556,
    "recall": 0.013006654567453115,
    "f1": 0.025663980901223515,
    "fp": 2,
    "fn": 3263,
    "tp": 43,
    "tn": 91179,
    "fpr": 2.193439422686744e-05,
    "fnr": 0.9869933454325469
  },
  "test_metrics": {
    "pr_auc": 0.224412748647858,
    "roc_auc": 0.7791499763803309,
    "accuracy": 0.9654892132624378,
    "precision": 0.9253731343283582,
    "recall": 0.015001209774981853,
    "f1": 0.029523809523809525,
    "fp": 5,
    "fn": 4071,
    "tp": 62,
    "tn": 113970,
    "fpr": 4.386926957666155e-05,
    "fnr": 0.9849987902250181
  },
  "resampled_train_distributions": [
    {
      "method": "original_train",
      "label": "original_train",
      "count_class_0": 364721,
      "count_class_1": 13224,
      "total_rows": 377945,
      "minority_over_majority": 0.036257851892268336,
      "fraud_rate": 0.0349892180079112
    },
    {
      "method": "baseline_T",
      "label": "baseline_resampled_train_T",
      "count_class_0": 364721,
      "count_class_1": 13224,
      "total_rows": 377945,
      "minority_over_majority": 0.036257851892268336,
      "fraud_rate": 0.0349892180079112
    },
    {
      "method": "baseline_B",
      "label": "baseline_resampled_train_B",
      "count_class_0": 364721,
      "count_class_1": 13224,
      "total_rows": 377945,
      "minority_over_majority": 0.036257851892268336,
      "fraud_rate": 0.0349892180079112
    },
    {
      "method": "baseline_I",
      "label": "baseline_resampled_train_I",
      "count_class_0": 364721,
      "count_class_1": 13224,
      "total_rows": 377945,
      "minority_over_majority": 0.036257851892268336,
      "fraud_rate": 0.0349892180079112
    }
  ]
}